text,sentiment
wife lobster bisque soup lukewarm,0
looses connection phone even within couple feet two,0
jamaican mojitos delicious,1
drain,0
barclays million us settlement mutual funds,0
hear driving car usually even put loudest setting,1
aviva fined million regulator fee failings,0
one works priced right,1
find inexcusable probably returning phone perhaps changing carriers,0
place way overpriced mediocre food,0
folks otto always make us feel welcome special,1
portable works,1
pan cakes everyone raving taste like sugary disaster tailored palate six year old,0
several different minute calls experienced drops area bars,0
verizon tech support walked procedures none worked ended hard wiping data,0
love thin,1
overall would recommend phone new walkman,1
good prices,1
battery life still long enough motorola razor,0
would recommend others,0
broker tips rbs croda sage,1
bose noise cancelling amazing important nyc commuter,1
nice blanket moz top feel like done cover subpar food,1
definately enjoyed,1
treo refused replace forced buy another phone without kind upgrade discount,0
staff great food delish incredible beer selection,1
new battery works great phone,1
thing like prime rib dessert section,1
last long,0
back many times soon,1
good hoped,0
heard good things place exceeding every hope could dreamed,1
mine year christmas bought rest family,1
retailers kingfisher sports direct rise britain share index,1
barclays brands financier amanda staveley claim misconceived,0
beware,0
service outshining definitely recommend halibut,1
look authentic thai food go else,0
update rbs must pay mln mortgage bond judge,0
mic work,0
disappointing dinner went elsewhere dessert,0
update see strong earnings outgoing ceo says,1
also difficult put recommend avoiding product,0
could take videos time quality poor,0
uk ftse hits new record highs crh climbs,1
great software motorolas,1
primark racks happy christmas strong sales,1
reaching bottom row uncomfortable send end keys expect,0
volume ringer real good choices loud,1
weir group sees continued fall orders oil gas business,0
also like button felt like would crack use,0
standard chartered close equity sales research business,0
food good,0
first bathrooms location seat covers replenished plain yucky,0
essentially forget microsoft tech support,0
good bargain,0
good quality,1
aberdeen asset management gains foothold china,1
take little bad service food sucks,0
first time going think quickly become regular,1
stars aligned ab inbev megabrew merger plan,1
wasted enough life poured salt wound drawing time took bring check,0
worst customer service ever,0
problem charge sandwich bigger subway sub offers better amount vegetables,0
shropshire mid wales trains hit new strike arriva drivers,0
impressed,0
wear glasses fits fine,1
hope place sticks around,1
first wear well,0
phone also take great pictures even video clips,1
better expect,1
also fries without doubt worst fries ever,0
im az time new spot,1
cocktails handmade delicious,1
essentially communications tool communicate,0
great,1
phone slim light display beautiful,1
salad right amount sauce power scallop perfectly cooked,1
royal dutch shell pulls plug arctic exploration,0
astrazeneca sells us gout drug rights ironwood million,1
highly recommend modest priced cellular phone,1
received supposedly new motorola apparently match phone charger,0
service poor thats nice,0
ordered old classics new dishes going times sorely disappointed everything,0
royal dutch shell buy bg group nearly billion,1
bunzl blames weakness united states revenue slowdown,0
equally awful,0
warren buffett berkshire adds favorites ibm wells fargo,1
satisfied cell phone day one,1
bluetooth weeks really like,1
gkn buy fokker technologies mln euros,1
purcashed car charger work,0
update billiton credit ratings fragile agencies warn,0
ordered voodoo pasta first time really excellent pasta since going gluten free several years ago,1
company joke,0
london open taylor wimpey ashtead drive markets higher barclays falls,1
absolutley fantastic,1
minutes waiting salad realized coming time soon,0
far best cheesecurds ever,1
good food good service,1
sse faces profiteering accusations despite cut gas charges,0
absolutely amazing,1
performed,1
nokia usb cable work phone,0
keep good work amazon,1
glaxosmithkline hails progress lung disease treatment,1
bp statoil withdraw staff algeria following rocket attack,0
hsbc says unit book million charge settlement,0
industry newswhitbread sales sink fourth quarter costa slowdown,0
uk osborne may sell rbs shares loss,0
burger absolutely flavor meat totally bland burger overcooked charcoal flavor,0
press us lawsuit barclays dismissed reuters,1
poor voice clarity,0
jim armitage spare tears glencore bosses paying small price,0
guess maybe went night disgraceful,0
really far probably best bt headset ever,1
dixons carphone profit boost strong sales,1
voice recognition tremendous,1
lasts less minutes actually try use wife phone problem,0
update astrazeneca selumetinib gets orphan drug label good,1
dividends unleashed royal bank scotland group plc,1
good joint,1
rip charge shipping,0
order arrived one gyros missing,0
buy product,0
wo returning,0
waitresses friendly,1
pizza selections good,1
standard chartered rbs escape capital raising stress test,1
make calls certain places,0
mediocre food,0
dessert panna cotta amazing,1
nice leather,1
way expensive,0
single employee came see ok even needed water refill finally served us food,0
bug never showed would given sure side wall bug climbing kitchen,0
looks good picture case huge disappointment,0
choice headset sound good volume good noise cancellation,1
ample portions good prices,1
plus seriously believe worth steep price point,0
possesed get junk idea,0
phone holds charge like new,1
great product fast shipping,1
glencore tells investors track reduce debt barclays,1
glaxo viiv healthcare signs china manufacturing deal desano,1
buy wrongly advertised,0
order,1
staff always super friendly helpful especially cool bring two small boys baby,1
l g fund arm nikko asset management sign bond fund distribution deal,1
astrazeneca chases acerta secure next cancer drug winner,1
worked great,1
screams legit book somethat also pretty rare vegas,1
drive thru means want wait around half hour food somehow end going make us wait wait,0
glencore cuts budget plans divest lonmin,0
really fantastic thai restaurant definitely worth visit,1
european shares fall chinese import data sabmiller soars,1
talk useless customer service,0
british american tobacco accused bribing senior politicians sabotage,0
truly unbelievably good glad went back,1
phone pretty sturdy never large problems,1
additional ear gels provided instructions whatsoever,0
miners meltdown bhp rio tinto sink commodities rout,0
fca bans former rbs libor submitter,0
unwrapped live mile brushfire literally ice cold,0
militants fire rockets algerian gas plant casualties,0
appears actually outperform original battery china came,1
convenient since staying mgm,1
update rejects ab inbev bln takeover approach,0
advise everyone fooled,0
service terrible food mediocre,0
crostini came salad stale,0
basically threw money window nothing,0
selection probably worst seen vegas none,0
companiesaberdeen asset mgt reports consecutive quarterly outflows,0
seated immediately,1
timely shipment quality product,1
got enjoy seafood salad fabulous vinegrette,1
astrazeneca wins fda approval key new lung cancer pill,1
companies announces arrival london ipo,1
obviously problem adhesive,0
loved,1
clicks place way makes wonder long mechanism would last,0
works well,1
got sitting fairly fast ended waiting minutes place order another minutes food arrived,0
waitress good though,1
tesco cut junk moody concern revival take time,0
place awesome want something light healthy summer,1
pizza good peanut sauce tasty,1
bhp billiton lower copper production costs,1
tesco made bit crucial error promotion ramadan,0
best breakfast buffet,1
rio tinto reaffirms goal iron ore output,1
uncomfortable ear use lg env,0
seriously killer hot chai latte,1
much better ayce sushi place went vegas,1
live neighborhood disappointed wo back convenient location,0
swung give try deeply disappointed,0
ftse rallies low boosted stanchart sainsbury,1
profits fall standard chartered plc buy sell,0
house getting dropped coverage upstairs coverage basement,0
good money,0
united utilities fy profit boost capex,1
weird vibe owners,0
watched waiter pay lot attention tables ignore us,0
barclays said cut investment bank mccormick departs,0
wolseley profit warns revenue growth,1
dont think back long time,0
chinese forgeries abound,0
tesco loses two directors garfield tammenoms step,0
contacted company told although unit still warranty could produce receipt luck,0
aviva suspends trading uk property fund,0
sad little vegetables overcooked,0
worth every penny,1
probably one people ever go ians like,0
waiter helpful friendly rarely checked us,0
persimmon sees,1
perfect,1
seriously good pizza topic,1
best luck rude service focused new management,0
staff super nice quick even crazy crowds downtown juries lawyers court staff,1
sweetest phone,1
bp sees earnings slide low oil prices take toll,0
nice sound,1
us sanctions put alliance plans jeopardy,0
glaxosmithkline set complete billion novartis asset swap next week,1
update sells italian branches mediobanca loss,0
trouble accessing internet downloading ringtones performing functions,1
whitbread profit sales continue rise looking new ceo,1
london stock exchange seals billion merger germany deutsche,1
never treated bad,0
first thought grtting good deal plugged phone razr,0
wo try going back even empty,0
hear garbage audio,0
awesome new look fall,1
know place managed served blandest food ever eaten preparing indian cuisine,0
tesco share price jumps sales top estimates,1
good thing fits comfortably small ears,1
waitress friendly happy accomodate options,1
went tigerlilly fantastic afternoon,1
superb,1
petrofac books cost shetland gas terminal delays,0
standard chartered misses estimates sands last results,0
tesco mobile partners unlockd change way consumers use pay mobile phones,1
sound clear people talk amazed quality,1
aims increase dividend ratio pct,1
seller understanding patient would definitely buy,1
astrazeneca heart drug boosted major clinical trial success,1
place fairly clean food simply worth,0
london open taylor wimpey ashtead drive markets higher barclays falls,0
works comfortable,1
great would really recommend,1
anyway think go back,0
tesco pay settle lawsuit accounting scandal,0
sainsbury asda tesco morrisons cut petrol prices oil falls,0
disappointing experience,0
sad,0
capital warren buffett favorite partner deals worth billions,1
problem ear loops made weak material break easily,0
worst salmon sashimi,0
rolled eyes may stayed sure go back try,0
retailers kingfisher sports direct rise britain share index,1
much less jawbone going replace,1
friend like bloody mary,0
spend money time place else,0
performed awful muffled tinny incoming sound severe echo end call,0
razr battery good buy,1
today first taste buldogis gourmet hot dog tell ever thought possible,1
none three sizes sent headset would stay ears,0
astrazeneca profit sales stalwarts fade,0
whole experience underwhelming think go ninja sushi next time,0
great camera thats pics nice clear great picture quality,1
astrazeneca sells us drug rights perrigo mln,1
spain caixabank expects close deal banco bpi,1
useless phone simply deaf,0
came back today since relocated still impressed,0
lloyds cutting jobs shutting branches,0
items stated included description included,0
one bite hooked,1
boyfriend sat bar completely delightful experience,1
obviously terrible customer service get pay,0
hate disagree fellow yelpers husband disappointed place,0
prudential hit withdrawals g investment arm,0
everything product,0
excellent new restaurant experienced frenchman,1
fact going round stars awesome,1
trouble volume,0
astrazeneca says new lung cancer pill tagrisso approved eu,1
han nan chicken also tasty,1
service quick even go orders like like,1
voice quality signal strength dropped calls,0
soggy good,0
used several phone two years one best,1
tesco chief excutive dave lewis sees signs despite profits tumble,1
friendly staff,1
week later activated suddenly died,0
better expected,1
definitely bargain,1
barclays deutsche bank fight lift profit got harder,0
great atmosphere friendly fast service,1
bp judge urged impose spill fine,0
say food amazing,1
item received counterfeit,0
getting angry want damn pho,0
setup went smoothly,1
amazon attack uk grocery market morrisons deal,1
went bachi burger friend recommendation disappointed,1
product costs much one expect work far better greater ease thing,0
really enjoyed crema café expanded even told friends best breakfast,1
update investigator freed early china jail source,1
find wasting food despicable food,0
loved friendly servers great food wonderful imaginative menu,1
find bad unit comes one earpad would recommend anyone,0
place jewel las vegas exactly hoping find nearly ten years living,1
thing disappoint infra red port irda,0
chef generous time even came around twice take pictures,1
us says hsbc must improve compliance,0
update posts net loss hurt shetland islands project costs,0
looking headset long time got could happier,1
stocks resume gains rally record crh tullow climb,1
battery working well replacement original came phone years ago,1
great charger,1
aggravating,0
phone got year old slowly breaking despite much care part,0
place worth time let alone vegas,0
clear crisp sound,1
eu drops shell bp statoil ethanol benchmark investigation,1
glencore cuts budget plans divest lonmin,0
gosh best phone ever,1
sharp blue nice color,1
highly recommend one blue tooth phone,1
like really sexy party mouth outrageously flirting hottest person party,1
tesco leads ftse higher clubcard bid reports,1
buy,0
bought phone replacement startac regretted since,0
easy use,1
intertek profit expects meet forecast,1
soars pct fuelling metals surge glencore cuts output,1
blueant supertooth phone speaker awesome,1
waste money,0
extremely rude really many restaurants would love dine weekend vegas,0
google mediocre imagine smashburger pop,0
dish quite flavourful,1
clear quality sound mess sound ipod since sound buttons headset,1
shipping time also quick,1
beautiful styling though,1
works like works advertised,1
appetite instantly gone,0
asked bill leave without eating bring either,0
comfortable nice range good battery life,1
definitely would eat,0
love go back,1
food quality horrible,0
tesco asda sales fall march discounters continues kantar,0
companiestesco sends supermarket shares top ftse,1
amazon sucks,0
love sushi found kabuki,0
go far many places never seen restaurant serves egg breakfast especially,0
also phone seem accept anything except cbr preferably ripped windows media player,0
barclays said cutting investment bank jobs,0
exchanged sony ericson pretty happy decision,1
chips sals amazing,1
love place,1
ftse steadies around low diageo shares surge,1
similarly delivery man say word apology food minutes late,0
place lacked style,0
clydesdale bank profits weighed ppi charge,0
ocbc buy barclay wealth management unit singapore hong kong,1
britain cuts lloyds banking group stake pct,0
tullow oil eyes lower earnings output falls,0
menu diverse reasonably priced,1
really pleased product far,1
took close minutes come one point,0
service perfect family atmosphere nice see,1
bluetooth range good days ago left phone trunk got call carried conversation without hitch,1
nothing authentic place,0
tried go lunch madhouse,0
nyse owner ice may gatecrash deutsche merger,0
reading please go,0
astrazeneca diabetes drug combination faces delay fda rebuff,0
standard life stands tall amid pension reform,1
eew location needs complete overhaul,0
loved bacon wrapped dates,1
delicious,1
disappointed,0
renewed ab inbev bid sabmiller ups stake beer battle,1
phone slide around car grip prevents phone slipping hand,1
real improvement,0
verizon accused hurting rivals,0
kinder morgan bp form joint venture limited liability company purchase,1
big waste time,0
nachos must,1
battery holding well,1
however girl complain time phone wake like normal phone,0
company shipped product promptly works well,1
wow spicy delicious,1
tesco leads leap ftse marks spencer drops,1
shell fined scottish court north sea oil spill,0
best bluetooth market,1
eargels channel sound directly ear seem increase sound volume clarity,1
love margaritas,1
tesco said discuss central eastern european unit sale,1
sound quality device really quiet area almost hear nothing,0
drain weak snap,0
maybe cold would somewhat edible,0
say bye bye tip lady,0
go store bought new nokia phone working great,1
overall like food service,1
super charged use small hybrid excels roles,1
cool cases open allowing screen get scratched,1
staff friendly joint always clean,1
britain ftse eyes straight daily rise wolseley lags,0
sushi strip place go,1
barclays settles us investors libor manipulation,1
stopped late may bank holiday rick steve recommendation loved,1
service super friendly,1
could figure,0
horizonte acquires neighbouring glencore nickel property brazil,1
ordered albondigas soup warm tasted like tomato soup frozen meatballs,0
chicken pho tasted bland,0
ftse falls low greek debt concerns easyjet skids,0
jabra earset happy sound quality especially outgoing better,1
interesting part town place amazing,1
aggreko says first half profits lower oil price rout claims latest victim,0
everything description said would,1
ha long bay bit flop,0
nearly good looking amazon picture makes look,0
give wirefly contact inform practice,0
said phone camera nice many cool effects play video decent well,1
rbs becomes shadow former self,0
drain player may also potentially fry,0
ab inbev latest bid said unlikely win sabmiller approval,0
received quickly works great,1
tried several different earpieces cell phone jabra one first one found fits ear comfortably,1
shares easyjet fall low brexit profit warning,0
early victory new ceo morrisons beats forecasts,1
clydesdale yorkshire moves closer independence,1
says,0
recently problems could stay connected minutes disconnected,0
lloyds banking group cut jobs close branches,1
thoroughly disappointed,0
happy item,0
buttons small,0
get better reception clarity phone,1
main thing enjoy crowd older crowd around mid,0
ftse slide halted bp us settlement london report,0
purchased within days longer working,0
loved biscuits,1
first thing happened tracking,0
wo ever go,0
believe place great stop huge belly hankering sushi,1
place first pho amazing,1
great food service huge portions give military discount,1
deserves stars,1
asahi could snap sabmiller beers ahead ab inbev sale,1
pros large seating nice bar great simple drink best brick oven pizza homemade dough,1
best customer service anywhere,1
plus bucks,1
purchase different case,0
kind embarrassing use looks mostly embarrassing company,0
product strong smell unbearable caused return,0
fixes problems,1
trend underpins uk sales growth kingfisher,1
far worst purchase made amazon,0
ftse moves lower hsbc outperforms,1
light weight hardly notice,1
way fried,0
aldi lidl expansion plans speed ahead tesco sainsbury morrisons,1
plugged find darn thing worked,0
great dinners,1
clinigen chosen astrazeneca manage access programme next,1
tesco turnaround gathers pace new ceo,1
microphone also works well according people called applifies everything,1
waste money,0
construction headsets poor,0
priceline stock jumps new high year barclays upgrade,1
expected better consumer experience motorola,0
tesco sales deteriorate ahead crucial christmas period,0
daily specials always hit group,1
steer clear product go genuine palm replacementr pens come,0
prudential capital ratio beats forecasts confirms uk head,1
even fully charged went bed turned blue tooth noticed left morning,0
item great installed let charged overnite working good every since problems,1
would return,0
l g still paying price dividend cut crisis chief says,0
companiescar insurer hastings group driving ipo,1
chips salsa really good salsa fresh,1
place great,1
consider theft,0
good protection make phone bulky,1
way plug us unless go converter,0
know made wise decision,1
sainsbury glencore give ftse lift london report,1
dyson wants create hair dryer revolution,1
wontons thin thick chewy almost melt mouth,1
tesco share price brand guarantee comes fire,0
sister one also loves,1
cashew cream sauce bland vegetables undercooked,0
simply want small flip phone look elsewhere extra bells whistles mediocre,0
agrees uk gas pipeline stake sale infrastructur,1
take battery phone put back together restart,0
price amazon excellent product would highly recommend,1
tesco sales recover focus returns core business,1
unfortunately easy accidentally activate buttons accidentally touch phone face listening,0
assure back,1
cool,1
love camera really pretty good quality,1
lse gets hong kong regulatory nod hk firms become lse members,1
better new,1
valeant ceo pledges heed critics painful experience,0
travis perkins hikes dividend profit revenue rise,1
greek dressing creamy flavorful,1
industry newswood group wins dollar contract bp,1
chips came dripping grease mostly edible,0
royal mail share price edges lower group raises stamp price,0
stakes high astrazeneca heart drug facing tough competition,0
least think refill water struggle wave minutes,0
selection menu great prices,1
owned phone months say best mobile phone,1
update semiconductor offers buy integrated silicon solution,1
astrazeneca share price acerta deal pays orphan drug status,1
britain ftse advances royal mail rises,1
shropshire mid wales trains hit new strike arriva drivers,0
good works fine,1
hargreaves lansdown share price falls costs mount although pensions,0
closely watched astrazeneca cancer drug fails mesothelioma,0
stocks little changed near record barclays shell fall,0
must night place,0
burgers amazing,1
fantastic buy get whatever next phone,1
side town definitely spot hit,1
fastjet slams easyjet founder stelios going public taking legal advice letter contractual,0
us seeks huawei records dealings sanctioned nations,0
astrazeneca us anaesthetic deal,1
using iriver spinn case fits fine,1
things went wrong burned saganaki,0
far good,1
grilled chicken tender yellow saffron seasoning,1
fits ear well comfortable,1
good case,1
cooked perfection service impeccable,1
mega pixel camera part phone reasonably,1
group claimed would handled us beautifully,1
unreliable service,0
authentic leather nice shine comfort recommend case,1
diageo sales disappoint currency comparatives leave bitter taste,0
place deserves stars,0
lived since first last time stepped foot place,0
nargile think great,1
certainly comfortable functionality decent,1
ambiance incredible,1
never got,0
kingfisher takeover mr bricolage could hit brick wall,0
packed,0
con spotty service,0
barclays deutsche bank fight lift profit got harder,0
make mistake,0
earnings surge fund manager schroders reports record year,1
bad lost heart finish,0
talk great customer service course back,1
astrazeneca bags another cancer drug deal time inovio,1
product useless since enough charging current charge cellphones planning use,0
saudi aramco shell plan break motiva divide assets,1
sorry made purchase,0
food good enjoyed every mouthful enjoyable relaxed venue couples small family groups etc,1
excellent starter wireless headset,0
pleased headset,1
insults profound deuchebaggery go outside smoke break serving solidify,0
two seperated mere ft started notice excessive static garbled sound headset,0
aldi lidl expansion plans speed ahead tesco sainsbury morrisons,1
places eat circumstances would ever return tops list,0
prices reasonable flavors spot sauce home made slaw drenched mayo,1
would avoid place staying mirage,0
ground right next table large smeared pile green bird poop,0
zero stars would give zero stars,0
thanks amazon things need good price,1
accompanied software almost brilliant,1
bit disappointed,0
extremely tasty,1
crisp clear,1
shire buy nps billion boost rare disease drugs,1
barely ever hear constantly saying,0
worst sushi ever eat besides costco,0
morrisons book second consecutive quarter sales growth,1
unfortunately must hit bakery leftover day everything ordered stale,0
unilever posts fourth quarter,0
started tuna sashimi brownish color obviously fresh,0
kids play area nasty,0
food good,1
phone takes forever charge like hours literally,0
great deal,1
britain ftse steadies supported dixons carphone,1
companieslord livingston joins dixons carphone,1
also decided send back waitress looked like verge heart attack,0
news feedftse movers lse surges ice says mulling offer ashtead barclays tank,0
krussel always good,1
internet excrutiatingly slow,0
chicken wings contained driest chicken meat ever eaten,0
pearson lags uk ftse slips record high,0
blue ant easy use,1
even take self portraits outside exterior display cool,1
fiancé came middle day greeted seated right away,1
drugmaker shire buy baxalta billion pursuit,1
companiesmetro bank raises ahead london listing,1
one note ventilation could use upgrading,0
looks nice,1
service friendly inviting,1
highly recommend encourage people give try,1
also makes easier hold,1
hilarious yummy christmas eve dinner remember biggest fail entire trip us,0
companiespound boost abf mixed impact ahead,1
earpiece large heavy keeps falling ear,0
put latest os likes slow crawl lock every,0
know kind best iced tea,1
love colors,1
update start selling remaining royal mail shares,0
intercontinental exchange opts bid london stock exchange,0
excellent bluetooth headset,1
good though,1
earlier review noted plug charger nothing happens,0
guess known place would suck inside excalibur use common sense,0
selection food best,0
never know pushed hard enough right number times function want,0
service prompt,1
anyways food definitely filling price pay expect,0
shire buy nps billion boost rare disease drugs,1
say would hardest decision honestly dishes taste supposed taste amazing,1
wind completely useless,0
marketsubs goldman sachs cut metals forecasts,0
shares extend rebound second day easyjet surges,1
many words say place everything pretty well,1
burrittos blah,0
us dollar wipes sales gains sabmiller,0
fca set fine lloyds record ppi,0
made drive way north scottsdale one bit disappointed,1
recommend unless car breaks front starving,0
cutouts buttons placed perfectly,1
work people hear talk,0
absolutely problem headset linking blackberry curve,1
place disgusting,0
place good,1
general retirement business books billion stg sales,1
always order vegetarian menu dinner wide array options choose,1
london stock exchange shareholders vote merger deal brexit cloud,0
worse humiliated worker right front horrible name callings,0
great reception time,1
would reccommend,0
companiescentrica shares drop amid capital raise,0
eu drops shell bp statoil ethanol benchmark investigation,1
service par either,0
bp joins forces det norske norway,1
wo go back,0
linked phone without effort,1
great product price,1
however bt headsets currently good real time games like shooters since audio delay messes,0
trader johnson pleaded guilty libor fixing,0
overpriced getting,0
thumbs,1
ftse ends higher group leads strong earnings,1
always pleasure dealing,1
said useless,0
needless say wasted money,0
every time eat see caring teamwork professional degree,1
love phone,1
uk sells lloyds bank stake billion pounds raised far,0
joy use,1
turnaround buys bhp billiton plc home retail group plc,1
waited hour breakfast could done times better home,0
noise shield incrediable,1
shrimp tender moist,1
steaks recommended,1
two bites refused eat anymore,0
tesco sales rise shows tentative recovery continues,1
side greek salad greek dressing tasty pita hummus refreshing,1
amazon grocery deal morrisons beginning,1
diageo offloads major wine interests,0
presentation food awful,0
fit palm tungsten broke first time tried plug,0
lloyds banking group eyes return dealmaking mbna bid,1
disappointed battery,0
ab inbev approaches sabmiller explore,1
excellent,1
sure order dessert even need pack tiramisu cannoli die,1
buttons bad,0
bidders abandon auction tesco data unit,0
nothing special,0
plan use car forget,0
ordered appetizer took minutes pizza another minutes,0
monster chicken fried steak eggs time favorite,1
quite satisfied purchase,1
shire says internal synergy goals baxalta deal higher,1
desserts bit strange,0
many people complained found headset microphone weak,0
love authentic mexican food want whole bunch interesting yet delicious meats choose need try place,1
mistake,0
keep getting better better third one numerous palms,1
fresnillo production surges profit hit lower prices,1
different cut piece day still wonderful tender well well flavored,1
think restaurant suffers trying hard enough,0
turkey roast beef bland,0
best place vegas breakfast check sat sun,1
excellent hands free tool,1
plug work well,0
old nokia tracfone holds charge lot better,0
eurocrat left unravel london stock exchange deal,0
service give stars,0
could recommend,0
food good service good prices good,1
warren buffett berkshire hathaway buys stake apple,1
gotten much better service pizza place next door services received restaurant,0
proven dead wrong sushi bar quality great service fast food impeccable,1
far sushi connoisseur definitely tell difference good food bad food certainly bad food,0
shire proposes bln baxalta,1
use smallest earpieces provided stays pretty well,1
file browser offers options one great,1
adapter provide enough charging current,0
service little slow considering served people servers food coming slow pace,0
server great job handling large rowdy table,1
third cheese friend burger cold,0
would go back,0
first reception sucks never bars ever,0
itv merger reports boost footsie stocks,1
poor batter meat ratio made chicken tenders unsatisfying,0
love ringtones upbeat,1
basically service bad,0
diageo receives reports united spirits financial irregularities involving,0
pearson cut jobs warns profits,0
fantastic food,1
probably hurry go back,0
service fan quick served nice folks,1
server negligent needs made us feel unwelcome would suggest place,0
nutshell restaraunt smells like combination dirty fish market sewer,0
horrible attitudes towards customers talk one customers enjoy food,0
fits comfortably came three sizes earbud tips,1
friends life lifts profits hikes divi ahead proposed aviva takeover,1
really enjoyed eating,1
opportunity today sample amazing pizzas,1
soyo technology sucks,0
beautiful phone,1
tried cape cod ravoli chicken cranberry mmmm,1
mistake,0
found place accident could happier,1
cable looks thin flimsy scary,0
please dont waste money,0
fit,0
great little item,1
easyjet dismisses lufthansa plan contest germany,0
love device,1
update trader shares leap uk biggest private listing,1
one nice thing added gratuity bill since party larger expect tip,1
would recommend place,0
might gotten defect would risk buying built quality alone,0
valeant astrazeneca strike psoriasis drug deal,1
pricing bit concern mellow mushroom,0
service good company better,1
intercontinental hotels group share price climbs special dividend,1
lloyds cut jobs part restructuring strategy,0
place deserves one star food,0
buy arm holdings plc bhp billiton plc today,1
wanted leave,0
tesco closes new chairman dixons carphone john allan frame,1
someone shouldve invented sooner,1
also feel like chips bought made house,0
overall great experience,1
payout bp oil spill settlement tops billion,0
keyboard nice compromise full qwerty basic cell phone number keypad,1
crown castle buys tower development corp million,1
lasted one day blew,0
allergy warnings menu waitress absolutely clue meals contain peanuts,0
delicious nyc bagels good selections cream cheese real lox capers even,1
service meh,0
holster arrived match photo ad,0
food came good pace,1
ordered lemon raspberry ice cocktail also incredible,1
price good free shipping good purchase,1
screen get smudged easily touches ear face,0
insurers admiral blows hot cold aviva soars life merger,1
bg group still happy shell billion offer,1
get pay guess,0
instructions explain microphone jack could used,0
food arrives meh,0
good food great,1
overall impressed would go back,0
bartender also nice,1
crust good,0
item worked great broke months use,0
arm profits sales shift away mobile gains pace,1
probably never coming back would recommend,0
bad food damn generic,0
think running back carly anytime soon food,0
sides delish mixed mushrooms yukon gold puree white corn beateous,1
coming like experiencing underwhelming relationship parties ca wait person ask break,0
great food,1
echo problem unsatisfactory,0
ear buds play music one ear,0
boyfriend tried mediterranean chicken salad fell love,1
extremely slow takes forever anything,0
lloyds bank said face potential fine handling insurance complaints,0
dont waste money,0
delicious,1
activist fund tci backs german takeover london stock exchange,1
uk christmas power demand lowest years national grid,0
highly recommend case,1
arm buoyed race build internet things,1
trlpc crh backs lafarge holcim asset buy bln euro bridge loan,1
ftse edges investors cheer kingfisher results,1
read reviews problem,1
purchased family friends enjoy clarity ease use,1
comfort whole family,1
bought mainly charger broke soon purchasing,0
returning,0
always evening wonderful food delicious,1
mic great,1
uk winners losers aviva friends life lead ftse gainers,1
meggitt share price tumbles profit falls year,0
love look feel samsung flipphones,1
pretty satifying experience,1
peroni grolsch put sale ab inbev plans acquisition sabmiller,1
frog phone charm adorable eye catching,1
provides good protection looks classy,1
good worked started problems auto reverse tape player,0
received orders well within shipping timeframe everything good working order overall excited source,1
canadian pension fund borealis renews pursuit severn trent report,1
happened next pretty putting,0
battery works great,1
charge,0
like fact rests lightly ear rather inside,1
back,0
staley face challenges barclays,0
astrazeneca patent asthma drug invalidated us court,0
bought mother problem battery,0
husband said rude even apologize bad food anything,0
results phone either stuck max volume mute,0
worst piece crap ever along verizon customer service,0
holds charge long time reasonably comfortable conditions quality sound tremendous,1
reception headset excellent,1
claims start year,1
definitely soon,1
turnaround buys bhp billiton plc home retail group plc,1
great phone,1
britain ftse bounces back mondi barratt lead,1
love fact everything menu worth,1
impressed concept food,0
car charger well ac charger included make sure never run recommended,1
perhaps phone defective people hear use,0
astrazeneca teams daiichi sankyo sell movantik us,1
sadly gordon ramsey steak place shall sharply avoid next trip vegas,0
hole wall great mexican street tacos friendly staff,1
still waiting sure item would work ever recieve,0
husband ate lunch disappointed food service,0
analysis copper market may get supply shock glencore closures,0
quit working used months purchased another one best headset ever owned,1
however needed better instructions,0
little device transformed organizational capability made life whole lot easier,1
redeeming quality restaurant inexpensive,1
cheap feel look cheap,0
food really good got full petty fast,1
waste bucks,0
sashimi poor quality soggy tasteless,0
chefs friendly good job,1
light easy use clear reception transmission,1
australia clears ab inbev billion sabmiller buyout plan,1
love put food nice plastic containers opposed cramming little paper takeout boxes,1
customize order way like usual eggplant green bean stir fry love,1
buffet small food offered bland,0
sainsbury chief warns squeeze high street retailers,0
glencore sells agriculture stake,1
del taco pretty nasty avoided possible,0
ordered duck rare pink tender inside nice char outside,1
rio approves billion oyu tolgoi copper mine expansion,1
leather nice soft fit tight cut face good shape,1
exchanged phone even problem,0
city spirits sink diageo comes short sales slide,0
britain power supplies enough meet winter demand national grid,1
pearson expects return growth year,1
glencore shares enjoy hong surge,1
warren buffett berkshire hathaway buys stake apple,1
britain ftse hits low financials tesco fall,0
works great,1
persimmon reports strong trading despite eu vote planning delays,1
pleased,1
father battery dying,0
glaxosmithkline heart drug flops study shingles vaccine track,0
know make,1
ftse hits low financials tesco fall,0
rather eat airline food seriously,0
industry makes start year new impairments,1
phenomenal food service ambiance,1
going first negatively review product,0
waitress little slow service,0
like loud buzzing override conversations phone,0
disappointing,0
came back cold,0
good service clean inexpensive boot,1
leopard print wonderfully wild,1
loved place,1
sucked stuff work phone,0
know big deal place wo back,0
credit checker experian reports fall profit,0
owner really great people,1
work hospitality industry paradise valley refrained recommending cibo longer,0
happy good quality low price,1
britain ftse slips high sky falls,0
kind flops around,0
pretty gross,0
riingtones best neither games,0
two years left contract hate phone,0
bland liking place number reasons want waste time bad leave,0
arm holdings plc partners international business machines drive,1
atmosphere modern hip maintaining touch coziness,1
ended sliding edge pants back pockets instead,1
servers went back forth several times even much helped,0
stars aligned ab inbev megabrew merger plan,1
color even prettier thought would graphics incredibly sharp,1
london midday briefing kingfisher french expansion hits rocks,0
waiting hour seated greatest moods,0
good transmit audio,1
ca upload ringtones third party,0
really impressive place closed,0
like nokia either,0
trying make call exercise frustration,0
buy product,0
looking good quality motorola headset keep looking,0
uk government call sell shares royal bank scotland group plc,0
weir leads ftse lower oil price profits warning,0
last time buying,0
work listening music cingular,0
old mutual share price wealth unit seen company,1
headset works great packaged nicely avoid damage,1
bae systems cuts earnings target jobs,0
worst experience ever,0
found six inch long piece wire salsa,0
otherwise easy install use clear sound,1
years bp spill changed offshore drilling,0
camera color balance awful,0
rave reviews could wait eat disappointment,0
impressed product,0
would come back sushi craving vegas,1
easyjet leads britain ftse lower global bond rout resumes,0
checked everywhere feature really disappointing,0
due fact took minutes acknowledged another minutes get food kept forgetting things,0
poor quality,0
bought battery coupon amazon happy purchase,1
wpp boosts sales despite cautious clients,1
case flimsy piece plastic front side protection whatsoever,0
seriously believe owner many unexperienced employees running around like chickens heads cut,0
item match picture,0
ring good phone,1
personally love hummus pita baklava falafels baba ganoush amazing eggplant,1
trouble brewing legal general group plc aviva plc,0
london stock exchange group quarterly revenue rises percent,1
philippines san miguel says partner kirin bids sabmiller,1
bad experience,0
pfizer cut jobs closure cambridge r centre,0
like,0
waste time,0
disappointing accessory good manufacturer,0
impressed headset plantronics,1
problems wit hit dropping signal,0
phone crashed completely get replaced,0
really nothing postinos hope experience better,0
service sucks,0
news feedftse movers lse surges ice says mulling offer ashtead barclays tank,1
sse share price peterhead station supply voltage support national grid,1
restaurant clean family restaurant feel,1
prudential knocked investors withdraw g,0
tried units failed within pros,0
sharm travel disruption british airways easyjet thomson,0
royal mail workers union agree pay deal,1
stupid keep buying new chargers car chargers cradles headphones car kits every time new phone comes,0
left frustrated,0
pearson talks sell stake economist group,1
lastly mozzarella sticks best thing ordered,1
buy dyax bln,1
excellent product price,1
would take long describe bad customer service experience amazon,0
government sell remaining stake royal mail,0
check voice mail night keypad backlight turns seconds first message lost,0
gotten lot compliments,1
dbs julius baer emerge potential bidders barclays asia wealth unit,1
sale tesco clubcard business wpp verge collapse,0
absolute must visit,1
love thing,1
bhp billiton slashes dividend posts billion net loss,0
however year fliptop started get loose wobbly eventually screen went black could receive place calls,0
menu always changing food quality going service extremely slow,0
portion huge,1
best tacos town far,1
definitely worth venturing strip pork belly return next time vegas,1
great ipods,1
returned hours later,0
news feedftse movers lse surges ice says mulling offer ashtead barclays tank,0
service thought good,1
wear everyday holds well,1
ordered sony ericsson think worked thats first used,0
failure leadership behind tesco troubles says former ceo leahy,0
never dining place,0
battery life highly unacceptable,0
service terrible though,0
companiesastrazeneca wins nod hopeful,1
food excellent service good,1
even dropped phone stream submerged seconds still works great,1
works fine,1
royal mail johnson matthey lead ftse lower,0
aviva g suspend property funds investors panic,0
pretty easy,1
food good typical bar food,1
regular stop trips phoenix,1
old mutual faces backlash chief exec payout plan,0
also serve indian naan bread hummus spicy pine nut sauce world,1
also best cheese crisp town,1
screen size big key pad lit well enough camera quality excellent camera phone,1
standard chartered shares jump since upgrades,1
wpp revenue rises quick facts,1
berkshire discloses unit ties iran opens probe,0
enjoy pizza brunch,1
food good,1
iag closes aer lingus increased offer,1
bg group ships first lng queensland curtis,1
one simply disappointment,0
little geeky think thats sex toast rocks oozes sex right battery embedded sleek stylish leather case,1
fda approves astrazeneca drug advanced lung cancer,1
def coming back bowl next time,1
felt insulted disrespected could talk judge another human like,0
update tullow says makes new oil find kenya,1
miss wish one philadelphia,1
warm feeling service felt like guest special treat,1
bus boy hand rude,0
sat another ten minutes finally gave left,0
four former barclays bankers jailed libor,0
standard life share price group gets approval hike stake india jv,1
needless say never back,0
also taste mom pumpkin pancakes pecan butter amazing fluffy delicious,1
china cnpc unveil oil alliance sources,1
really recommend place go wrong donut place,1
companies severn trent expects costs hit inflation,0
started review two stars editing give one,0
admiral group posts decline earnings,0
tesco share price dips blinkbox books closes ending supermarket digital,0
would advise purchase item never worked well,0
bread made,1
tesco share price dips blinkbox books closes ending supermarket digital,0
buffett berkshire builds deere stake dumps exxon,1
took back money got outta,0
server fantastic found wife loves roasted garlic bone marrow added extra meal another marrow go,1
gsk novartis complete deals reshape drugmakers,1
work bougth working,0
companiessmith nephew flops foot ftse,0
design might ergonomic theory could stand ear,0
update sees better first half lower fuel bill,1
nice quality build unlike cheap,1
completely grossed,0
awesome,1
got food apparently never heard salt batter fish chewy,0
google fiber buy webpass big city internet service,1
great time family dinner sunday night,1
grandmother make roasted chicken better one,0
fantastic service,1
great phone,1
sir ken morrison taken stake rival sainsbury,1
used bitpim free program find internet transfer data price cable excellent,1
good quality though,1
sabmiller buys meantime quench thirst craft beer,1
hargreaves landown slides trading update,0
eu regulators clear ab inbev sabmiller deal,1
legal general arm buys pct stake mediacityuk manchester,1
happy far,1
good audio quality,1
good battery got really fast,1
work,0
best headset ever,1
impressed price cases,1
opens battery connection broken device turned,0
service exceptional food good reviews,1
cow tongue cheek tacos amazing,1
diageo carlsberg hit russians suffer oil price collapse rouble,0
restaurant atmosphere exquisite,1
favor stay away dish,0
went happy hour great list wines,1
another note phone appearance really looks rather bland especially black model,0
tesco share price korean currency slide may hit homeplus sale plans,0
disappointing,0
worst customer service,0
watch preparing delicious food,1
however ear pads come easily one week lost one,0
british american tobacco sales hurt currency moves,0
ruling sets lower limit potential fine bp,0
barclays executive harrison denies knowledge libor fixing,0
stanchart announces billion plan posts loss,0
im surprised good quality car charger much reviews,1
received headset good time happy,1
us doj antitrust unit subpoenas mylan pricing doxycycline,0
got car charger even week charger broken went plug started smoking,0
south africa approves sabmiller coke bottling deal conditions,1
oilfield services firm petrofac debt shoots per cent,0
also new problem,0
received pita huge lot meat thumbs,1
server nice even though looked little overwhelmed needs stayed professional friendly end,1
buy different phone,0
evening drastically sick,0
works like charm work one got phone,1
hot sour egg flower soups absolutely stars,1
wo going back,0
think instructions provided helpful,0
astrazeneca acquires zs pharma billion deal,1
tesco share price grocer faces sfo investigation outcome,0
plastic breaks really easy clip,0
pros camera nice pictures also cool styles like black white,1
investors remain skeptical deal,0
food delicious,1
make mistake,0
overall think would take parents place made similar complaints silently felt,0
news feedftse movers standard chartered lifted astrazeneca sinks,0
pancake also really good pretty large,1
still infatuated phone,1
opened sandwich impressed good way,0
first visit hiro delight,1
glencore refinance debt early shares rise,1
ensure compliance petrobras bribery report,0
really really good rice time,1
assure wo disappointed,1
sat right time server get go fantastic,1
wpp wins race buying agency essence digital,1
persimmon sells houses,1
case great works fine,1
good selection food including massive meatloaf sandwich crispy chicken wrap delish tuna melt tasty burgers,1
plethora salads sandwiches everything tried gets seal approval,1
tesco leads leap ftse marks spencer drops,0
shifting bubbling peeling even scratch nothing could happier new one droid,1
left stomach ache felt sick rest day,0
really good product,1
patio seating comfortable,1
none new ones ever quite worked properly,0
ab inbev offers sell sabmiller brands,1
headphones great find think perhaps best purchase made last several years seriously,1
owner used work nobu place really similar half price,1
ocbc buy barclay wealth management unit singapore hong kong,1
shire sees baxalta deal closing expected new rules,1
minutes wait got table,0
especially love long battery life,1
positive note server attentive provided great service,1
good side staff genuinely pleasant enthusiastic real treat,1
software great job could also make ringtones form existing cds without internet connection,1
zurich insurance considering offer uk rival rsa insurance,1
try airport experience tasty food speedy friendly service,1
friend loved salmon tartar,1
update director accused us illegal tips plumber,0
everything,1
poor sound quality,0
love bluetooth,1
top news barclays profit depressed foreign exchange provisions,0
doubts grow glaxosmithkline bln capital return plan,0
table service pretty fast,1
shire offers buy baxalta billion,1
fda panel backs glaxo asthma drug adults adolescents,1
really like crepe station,1
kingfisher share price slides cost implement new strategy,0
hands best phone ever,1
wins billion order emirates airline,1
aberdeen posts outflows says conditions remain challenging,0
definitely go back,1
barclays fined failings,0
better atmosphere,0
fits comfortably either ear sound clear loud charge lasts couple days,1
overall disappointed quality food bouchon,0
bad quality,0
food tasty say real traditional hunan style,0
complaints,1
usable keyboard actually turns pda useful machine instead neat gadget,1
wait minutes get drink longer get arepas,0
need two hands operate software interface decade old compete new software designs,0
dont buy,0
tesco pay million settle us lawsuit,0
peroni grolsch put sale ab inbev plans acquisition sabmiller,1
attached gas station rarely good sign,0
persimmon shares nudge higher housebuilder sees strong,1
tragedy struck,0
recognizes phone storage device,0
works fine motorola cellphone lot better battery,1
summary largely disappointing dining experience,0
servers suck wait correction server heimer sucked,0
none tones acceptable,0
light plenty battery capacity confortable wear somewhat extended periods time,1
british american tobacco drops sues pwc pollution scandal,0
food really boring,0
pizza tasted old super chewy good way,0
would recommend others,1
hsbc chief hit scandal,0
glaxosmithkline rebound gathering pace says outgoing ceo,1
buyers remorse one,0
time side restaurant almost empty excuse,0
research development division obviously knows,1
stay vegas must get breakfast least,1
waaaaaayyyyyyyyyy rated saying,0
disappointed ordered big bay plater,0
atmosphere great lovely duo violinists playing songs requested,1
wow loved place,1
love one authentic japanese cool dude,1
sabmiller buys meantime quench thirst craft beer,1
glaxo viiv healthcare signs china manufacturing deal desano,1
case passed one year mark shows signs wear functional,1
wpp world largest ad agency reports strong growth,1
best buffet town price beat,1
buy dyax bln,1
also combos like burger fries beer decent deal,1
centrica suffers protest shareholders pay,0
work,0
drivng along headset starts ringing reason,0
like reviewer said could pay eat place,0
nine banks including barclays citi agree pay billion settle forex,0
enough volume,0
mongolia rio tinto agree oyu tolgoi mine expansion,1
crêpe delicate thin moist,1
market report aviva tops market traders approve choice friends,1
feels poorly constructed menus difficult navigate buttons recessed difficult push,0
promptly greeted seated,1
pair headphones worst ever,0
wife hated meal coconut shrimp friends really enjoy meals either,0
highlights great quality nigiri,1
ca tell disappointed,0
love pho spring rolls oh yummy try,1
block amazing,1
shell plans shed jobs buying bg group,0
ripped banana ripped petrified tasteless,0
self proclaimed coffee cafe wildly disappointed,0
comfortable wear well probably important aspect using case,1
tesco shares jump christmas sales beat expectations,1
rated,0
great place highly recommend,1
great way finish great,1
comfortable fit need headset comfortable least hour time entire day,1
glad found place,1
hold charge,0
uk ftse climbs record closing high standard chartered surges,1
teva fda approves generic version astrazeneca heartburn drug,1
terrible service,0
awkward use unreliable,0
used dirty,0
overall like place lot,1
steaks well trimmed also perfectly cooked,1
probably dirt,0
bought nokia cell phone weeks ago nightmare,0
worked perfectly,1
highly recommend device everyone,1
standard chartered shifts strategy losses,0
jabra ear gels r best,1
tried like place times think done,0
well made easy access phone handy detachable belt clip,1
however keypads tinny sometimes reach wrong buttons,0
case seems well made,1
morrisons helps ftse edge higher energy shares slip,1
pretty good beer selection,1
tried talking real loud shouting telephone gets old still told great,0
britain ftse steadies record high bhp gains,1
horrible,0
bought use kindle fire absolutely loved,1
domino pizza worker sacked crude slur aimed customer order screen,0
european shares plunge roiled bhp oil hopes turn ecb,0
girlfriend veal bad,0
eu drops shell bp statoil ethanol benchmark investigation,1
ambience perfect,1
latest buffett says cuts pay kraft heinz,1
hammerson jv partner secure ownership ireland dundrum quick facts,1
sound quality good functionality awesome,1
oil giant shell cut around jobs amid bg takeover,0
attractive appears good quality,1
would given star able,0
astrazeneca medimmune inks licensing deal omnis pharmaceuticals,1
recommend igo anyone different brand cell players family,1
service stinks,0
camera phone may used dustpan indoors rather using disposable,0
good time,1
low quality,0
call steakhouse ca properly cook steak understand,0
product ideal people like whose ears sensitive,1
intercontinental hotels global room revenue lags estimates,0
meggitt agrees buy us aerospace component firm million,1
works great,1
fantastic earphones,1
bp restore lost luster,0
want healthy authentic ethic food try place,1
ftse ends lower weaker miners tesco outperforms,1
investors move bln euros assets axa fund arm,0
diageo sells wine businesses pounds,1
waste money time,0
news feedftse movers standard chartered lifted astrazeneca sinks,1
still maintain monkeys make headphones obviously share enough dna copy design humans,0
pearson forecasts rising earnings reorganization pays,1
protects phone sides,1
last night second time dining happy decided go back,1
thank great service,1
update applies boost wells fargo stake pct,1
tasted like dirt,0
warm beer help,0
poor service,0
stopped place madison ironman friendly kind staff,1
stanchart rbs struggle bank england stress tests,0
arm holdings plc partners international business machines drive,1
works great cat attacked phone scratched protective strip instead destroying screen,1
product exactly described,1
companiestesco sheds harris hoole coffee shops,1
bp cuts capex third time year deal weak oil,0
lot websites rating good phone,1
update fined lax crime checks century,0
update procedure difficult cumbersome,0
avoid cost,0
bucks head really expect better food,0
could get strong enough signal,0
several dozen several hundred contacts imagine fun sending one one,0
itv share price jumps report comcast nbcuniversal bidding takeover,1
dinner companions told everything fresh nice texture taste,1
best headset used,1
companiescompass serves half year profit rise,1
also area unit broke fond magnetic strap,0
much flavor poorly constructed,0
fries hot neither burger,0
however recent experience particular location good,0
thing think could improve sound leaks headset,0
retail focus helps shield lloyds banking chill,1
disbelief dish qualified worst version foods ever tasted,0
update back second time still amazing,1
waitress sweet funny,1
best rotating feature helpful,1
ab inbev sell peroni grolsch,1
gave trying eat crust teeth still sore,0
reversible plug works great,1
ordered toasted english muffin came untoasted,0
one best bars food vegas,1
bought two neither charge,0
would recommend,1
came verizon cingulair nicer cell phones first thing noticed really bad service,0
impressed would recommend item anyone,0
unilever returns cuba joint venture state,1
easyjet traffic hit air traffic controller strikes terrorism,0
trlpc crh backs lafarge holcim asset buy bln euro bridge loan,1
roast beef sandwich tasted really good,1
saggy floppy piece junk,0
great new packaged nice works good problems came less time expected,1
simple use like,1
look sharp screen nice clear great graphics,1
update potassium drug delayed manufacturing snag,0
phone might well worst ever brand,0
food came disappointment ensued,0
great earpiece,1
dave lewis admits long road ahead tesco recovery,0
struggling morrisons pays sacked boss dalton philips,0
got phone reccomendation relative glad,1
close house affordable prices good food,1
honeslty taste fresh,0
waited hours never got either pizzas many around us came later,0
kids pizza always hit lots great side dish options kiddos,1
aldi lidl expansion plans speed ahead tesco sainsbury morrisons,1
pretty awesome place,1
going eat potato found strangers hair,0
think would hold securly belt,0
mobile phone tools must,1
never come,0
deal good enough would drag establishment,0
got home see driest damn wings ever,0
burgers good pizza used amazing doughy flavorless,0
chicken deliciously seasoned perfect fry outside moist chicken inside,1
wanted,0
know slow,0
market report aviva tops market traders approve choice friends,1
aggreko profit declines quick facts,0
chicken chicken caesar salad,1
either cold enough flavor bad,0
worst,0
bp signs billion energy deal egypt,1
verizon accused hurting rivals,0
refried beans came meal dried crusty food bland,0
arrived quickly much less expensive others sold,1
buy product fails,0
great phone,1
sales boost new morrisons chief david potts tesco turnaround stalls,0
chicken dishes ok beef like shoe leather,0
piece junk,0
addition feels amp looks phone lightweight cheap plastic,0
cant go wrong food,1
rbs warns higher misconduct charges obstacles ahead,0
may say buffet pricey think get pay place getting quite lot,1
barclays share price subdued bank faces fresh forex probe,0
sainsbury pressed raise bid home retail group,1
update expects grow year solid end,1
beans rice mediocre best,0
fabulous,1
host staff lack better word bitches,0
promise wo disappoint,1
worked well paired treo skype headset pc using usb bluetooth transceiver,1
ngage still lacking earbuds,0
att clear sound distorted yell talk,0
sainsbury asda tesco morrisons cut petrol prices oil falls,0
great pocket pc phone combination,1
rio tinto announces expansion mongolia mine,1
able voice dialing car problem,1
wish could return unit get back money,0
trying return refund,0
well im satisfied,1
standard chartered shares plunge fitch downgrade,0
london stock exchange seals billion merger germany deutsche,1
big account wins keep ad group wpp front pack,1
bit sweet really spicy enough lacked flavor,0
verizon years ago really liked service,1
industry newspetrofac secures north sea contract,1
poor reliability,0
asked multiple times wine list time ignored went hostess got one,0
great item,1
phone sounded ok great ok wife phone almost totally unintelligible could understand word said,0
dit work time nokia,0
worst phone ever,0
amazed quick arrival two original lg cell phone batteries fraction price,1
trading expertbroker recommendationsubs ups rbs coverage uk banks,1
marketsproperty stocks pressure standard life fund move,0
good case excellent value,1
britain ftse bounces back mondi barratt lead,1
love headset,1
would recommend,1
royal dutch shell buy bg group nearly billion,1
every thing phone work perfectly like,1
astrazeneca medimmune inks licensing deal omnis pharmaceuticals,1
experian says receives class actions related breach,0
staff spends time talking,0
lobster bisque bussell sprouts risotto filet needed salt course none tables,0
lunch great experience,1
problem item would order needed,1
protesters gather seattle block access shell oil rig,0
macarons insanely good,1
thing,0
rotating beers tap also highlight place,1
two former barclays traders face retrial libor,0
price think place would much rather gone,0
bunzl backs view buys businesses,1
ihg agrees sale intercontinental hong kong,1
display excellent camera good year,1
regular toasted bread equally satisfying occasional pats butter mmmm,1
marketsshire baxalta deal,1
tesco sells half stake ecommerce site lazada alibaba,1
bilfinger industrial services win bp contract extension,1
practically useless add kind boost reception bought,0
mcewan nursing rbs struggles yet,0
great sound service,1
persimmon revenues lifted confidence,1
three broke within two months use,0
razr owner must,1
good stuff price,1
piece trash,0
much better hard plastic cases,1
fantastic neighborhood gem,1
impressed going original battery extended battery,1
first crawfish experience delicious,1
gkn buy fokker technologies mln euros,1
ge sell majority stake bank bph core bank alior bank,1
finds cell phone right away enter car,1
really vegas fine dining used right menus handed ladies prices listed,1
uk regulators license bat medicine,1
well made fits surefire perfectly,1
shire rises dry eye treatment sails trial,1
companiesuk government lines lloyds retail share sale,0
stars brick oven bread app,1
update tinto sell aluminium assets bln deal,1
heart attack grill downtown vegas absolutely excuse restaurant,0
least passed us ordering food arriving busy,0
easy pair samsung cell,1
horrible waste time money,0
marketsmoneysupermarket slides barclays brexit warning,0
britain ftse gains land securities dividend hike,1
food great always compliments chef,1
give thumbs,0
experian says receives class actions related breach,0
work cell phone plug set charger,0
poorly contstruct hinge,0
building seems pretty neat bathroom pretty trippy would eat,0
works great,1
buffett berkshire delivers profit growth,1
fears primark growth starting falter,0
despite hard rate businesses actually rare give star,0
unfortunately good,0
poor product,0
osborne extends lloyds plan,0
unfortunately set us disapppointment entrees,0
happy product,1
tesco torn apart watchdog finds supermarket repeatedly withheld payments suppliers,0
new fav vegas buffet spot,1
work europe asia,0
great double cheeseburger,1
good value great food great service,1
london stock exchange shareholders approve merger deutsche,1
audio quality poor poor,0
associated british foods helps ftse rebound,1
arguing verizon regarding dropped calls returned phones two days,0
fast service,1
pretty cool would say,1
restored phone like new performance,1
iam pleased purchase,1
first time might last,0
glencore sells agri unit stake billion canadian pension fund,1
nice headphones price work great,1
give try happy,1
poor service waiter made feel like stupid every time came table,0
trouble brewing legal general group plc aviva plc,0
four bankers sentenced roles libor scandal,0
british taxpayers stake lloyds falls percent,0
satisifed,1
picture resolution far phones offering today,0
back,0
standard life hit number calls pension freedoms,0
exclusive britain targets sale half rbs stake two years sources,0
bother go store,0
iag closes aer lingus increased offer,1
worst phone ever months,0
one better buffets,1
go back next trip,1
astrazeneca pay inovio million cancer drug,1
owners super friendly staff courteous,1
standard chartered slash costs profits plunge,0
great phone,1
everything fine reasonable price,1
get extra minutes carry call get cut,1
talktalk hires bae systems investigate cyber attack,1
compass group says positive year ahead,1
love bluetooth headset great reception good ear piece comfortable fit,1
aspen buy anaesthetics astrazeneca million,1
plays louder speaker size price low would think quality lacking however,1
potato chip order sad could probably count many chips box probably around,0
spicy perfect actually,1
definitely turn doubt back unless someone else buying,0
tesco rebounds buyers sense bargain,1
reed elsevier shares cool profit dip,0
nice ambiance,1
bathrooms clean place well decorated,1
ear loop needed tiny sound great,1
made sturdy,1
nearly years worked great,1
worth drive,1
couple months later returned amazing meal,1
astrazeneca good deal turns bad,0
nano stated son dissapointed,0
sprint terrible customer service,0
seriously flavorful delights folks,1
imi posts drop organic revenue warns full year,0
china cnpc unveil oil alliance sources,1
seasonal fruit fresh white peach puree,1
please stay away shrimp stir fried noodles,0
companiesrbs pulls surprise jump profits,1
worthless product,0
owners really really need quit soooooo cheap let wrap freaking sandwich two papers one,0
absolutely great,1
checked place couple years ago impressed,0
brewer ab inbev seeks bln sabmiller,1
superb phone great network,1
nyse owner ice considers offer lse,1
good enough price,0
great case price,1
refuse refund replace,0
love cable allows connect device pc,1
aviva weighs cash handout beating profit forecast,1
much disappointed company,0
hsbc hit fresh details tax evasion claims,0
old mutual sales buoyed emerging markets,1
servers pleasant deal always honor pizza hut coupons,0
well packaged arrived time works intended,1
exactly wanted,1
waste money time,0
glaxosmithkline share price slips fda okays asthma therapy adults,0
great audio,1
horrible horrible protector,0
new york says barclays cooperating pool probe,0
battery life real good,1
bbcn bancorp buy wilshire bancorp bln deal,1
trading expertbroker recommendationsanalysts mostly negative aberdeen see value,0
britain ftse rises led glencore surge,1
japan nikkei lands financial times billion deal,1
back,1
former schroders trader sentenced years prison,0
also slim enough fit alarm clock docking station without removing case,1
delivery time,1
fun experience,1
marketsus industrials lag barclays dims view,0
excellent headset,1
sergeant pepper beef sandwich auju sauce excellent sandwich well,1
hands favorite italian restaurant,1
got food poisoning buffet,0
far worked like charm,1
bp agrees penalty oil spill tricky science behind,0
fda approves shire vyvanse disorder,1
traders sentenced six years jail libor case,0
extremely crumby pretty tasteless,0
bought hoping could make bluetooth headset fit better things made impossible wear,0
shell challenges exxon dominance bid bg,1
convenient simple use gets job done makes car ride much smoother,1
happy product,1
go gave star rating please know third time eating bachi burger writing review,0
rbs barclays shares temporarily suspended amid heavily losses,0
got aluminum case new palm vx worked really well protected handheld perfectly far,1
itv strike broadcaster revenue soars staff walkout piece action,1
would recommend item,1
stanlife leads ftse strong earnings,1
easy use,1
freezes,0
barclays hit record fine six banks settle forex scandal,0
hsbc preparing job cuts may target workers sky says,0
take min pancakes eggs,0
shower area outside rinse take full shower unless mind nude everyone see,0
hate things much cheap quality black olives,0
seems completely secure holding belt keeping iphone inside,1
tied charger conversations lasting problems,0
euro zone qe helps standard life funds boost,1
hargreaves lansdown says assets hit stock market flux,0
never going back,0
bp pay investors gulf spill claims,0
warning buy,0
outstanding little restaurant best food ever tasted,1
item fantastic works perfectly,1
astrazeneca cancer drug may fast getting market,0
want first say server great perfect service,1
terrible product waste money,0
oh forgot also mention weird color effect phone,0
standard life slips greek worries peg back britain ftse,0
logitech bluetooth headset,1
fitch citi reports much improved results,1
great phone,1
item arrived quickly works great metro pcs samsung slider phone sony premium sound ear plugs,1
exxon beaumont cdu overhaul slowed accident sources,0
gabon considering back tax penalties royal dutch shell,0
reception terrible full static,0
never bland food surprised considering article read focused much spices flavor,0
broker tips rbs croda sage,1
awesome,1
comfortable ear,1
ftse movers bg group leads charge resource stocks jump,1
sorry getting food anytime soon,0
gone go,1
overall psyched phone appointments contacts gets great reception,1
sports direct shares tumble founder ashley sells shares,0
product great makes working lot easier go copier waiting hold something,1
receiving using product days broke,0
waited forty five minutes vain,0
bad day low tolerance rude customer service people job nice polite wash dishes otherwise,0
place quality sushi quality restaurant,0
manager worst,0
works great,1
earbud piece breaks easily,0
particular model would work motorola q smartphone,0
teva net rises amid mylan takeover battle,1
pda rocks,1
want money back,0
sound quality excellent well,1
battery completely useless,0
glaxo sees hope respiratory drugs earnings beat estimates,1
former aviva investors analyst mothahir miah banned fined fca,0
glencore blames rivals creating metals glut,0
vanilla ice cream creamy smooth profiterole choux pastry fresh enough,1
phone tries hard everything fails ability phone,0
astrazeneca bags another cancer drug deal time inovio,1
love phone handy lot features,1
company femsa acquire ades beverage business unilever,1
tesco sale asia biggest deal,1
never go,0
cute quaint simple honest,1
favorite place town shawarrrrrrma,1
sooooo good,1
everything need could ask,1
novartis buys remaining rights gsk treatment deal billion,1
comes strong light use light camera shots even flash sos signals seriously,1
companiestravis perkins lifts dividend earnings rise,1
decor nice piano music soundtrack pleasant,1
check,1
works good,1
great place eat,1
mom got home immediately got sick bites salad,0
thank wasting money,0
reasonably priced also,1
glencore chief blames rivals overproduction share price fall,0
bluetoooth headset time still comfortable way fits ear,0
bars vegas ever recall charged tap water,0
cant say enough good things place,1
user friendly,0
waitress manager friendly,1
service slow attentive,0
know sounds funny seemed like sketchy technology would work one works great,1
staff great ambiance great,1
astrazeneca buy zs pharma billion,1
allows possibility double booking date time first,0
bp fine oil spill capped billion,0
spaghetti nothing special whatsoever,0
companieskingfisher bid mr bricolage runs trouble,0
great using home stereo,1
back good bbq lighter fare reasonable pricing tell public back old ways,1
itv pursue takeover canada entertainment one bloomberg,1
astrazeneca sells rights anaesthetics south africa aspen,1
easyjet attracts passengers june still lags ryanair,1
waste,0
anyway fs restaurant wonderful,1
kingfisher set open another screwfix stores,1
hell go back,0
astrazeneca suffers setback drug fails treat eye cancer,0
really disappointed charger work,0
love decor chinese calligraphy wall paper,1
update sells italian branches mediobanca loss,1
balfour beatty plc set reinstate dividend rival national grid plc centrica plc,1
also took forever bring us check asked,0
good wearing hat sunglasses,0
food bad enough enjoy dealing world drunk people,0
never insulted felt disrespected,0
real sushi lovers let honest yama good,0
hargreaves lansdown bucks weak markets see assets rise percent,1
good item low price,1
love product,1
food way overpriced portions fucking small,0
companiesunilever sales lifted ice cream soft economy,1
igo chargers tips really great,1
reason eat would fill night binge drinking get carbs stomach,0
nicest restaurant owners ever come across,1
nothing privileged,0
could use unit sunglasses good texas,0
vegetables fresh sauce feels like authentic thai,1
waiter attentive friendly informative,1
plantronics bluetooth excelent buy,1
drugmaker shire buy baxalta billion pursuit,1
really nothing bad say headset,0
fits securely ear hook even need used sound better directed ear canal,1
never brought salad asked,0
internet access fine rare instance worked,0
extensive menu provides lots options breakfast,1
huge design flaw unless using correctly think case,0
know like restaurants something,0
rio tinto swings loss drops dividend policy,0
hoping,0
food delicious spicy enough sure ask spicier prefer way,1
good going review place twice hereas tribute place tribute event held last night,1
hargreaves weathers torrid isa season brexit fears,0
greedy corporation never see another dime,0
displeased,0
come hungry leave happy stuffed,1
bought wired headphones sound better,0
uk winners losers aviva friends life lead ftse gainers,1
gsk reveals strong trial results shingles drug,1
searched internet found one best value,1
national grid pretax profit rises percent,1
lady table next us found live green caterpillar salad,0
worth driving tucson,1
mains also uninspired,0
definitely come back,1
lordy khao soi dish missed curry lovers,1
tesco close remaining homeplus stores uk,0
bacon hella salty,1
bathroom next door nice,1
right mind gon na buy battery,0
shocked signs indicate cash,0
shell profit rises company resist oil slump,1
good phone,1
place horrible way overpriced,0
london morning briefing hsbc standard chartered shares rise,1
smith nephew trading profit beats expectations,1
food terrible,0
great problems,1
headset works,1
reception generally good,1
perhaps caught night judging reviews inspired go back,0
nine banks including barclays citi agree pay billion settle forex,0
fly apple fly,0
excellent sound battery life inconspicuous boot,1
said mouths bellies still quite pleased,1
times bad customer service,0
want clip going top ear causing discomfort,0
update easyjet passenger numbers aer lingus traffic february,1
commentopening quote pay day moans profits slump lloyds mars mission,0
breakfast perpared great beautiful presentation giant slices toast lightly dusted powdered sugar,1
unfortunately recharge iphone despite connecting multiple power sources imac external battery wall outlet etc,0
tesco versus sainsbury bodybuilder,1
brought fresh batch fries thinking yay something warm,0
like final blow,0
one thing hate mode set button side,0
nice docking station home work,1
burger got gold standard burger kind disappointed,0
uk serious fraud office seeks retrial two former barclays libor traders,0
really sure joey voted best hot dog valley readers phoenix magazine,0
service also cute,1
hate earbugs avoid phone means,0
liked patio service outstanding,1
bp slashes capital spending,0
take picture battery drops bar starts beeping letting know dieing,0
inbev increases offer rival sabmiller,1
astrazeneca wins us approval longer use blood thinner,1
yes shiny front side love,1
disappointed decision,0
average phone bad battery life operates weak network,0
centrica extends gas deals gazprom statoil,1
eurozone bank lending continues recover slowly barclays says,1
simple lightweight great fit,1
battery quite long,1
long lasting battery recharge frequentyly flip phones,0
chipolte ranch dipping sause tasteless seemed thin watered heat,0
excellent service,1
update settles oil claims halliburton transocean,0
aberdeen raise mln stg seed new funds,1
happy,0
yet run new battery two bars three days without charging,1
glad purchased,1
everything menu terrific also thrilled made amazing accommodations vegetarian daughter,1
great place eat reminds little mom pop shops san francisco bay area,1
price reasonable service great,1
ryan bar definitely one edinburgh establishment wo revisiting,0
food barely lukewarm must sitting waiting server bring us,0
terrible management,0
battery lasts hours,0
descriptions said yum yum sauce another said eel sauce yet another said spicy mayo well none rolls sauces,0
disappointed,0
eli lilly lly broken new high astrazeneca collaboration,1
sainsbury asda tesco morrisons cut petrol prices oil falls,0
sophos aims raise london ipo,1
best charger seen market yet,1
oil majors like royal dutch shell chevron bp fail find reserves counter,0
placed treo case snug lot extra room sides,0
found product easy set use,1
companiestesco sheds harris hoole coffee shops,1
gave stars giving stars,1
omelets die,1
watched prices inflate portions get smaller management attitudes grow rapidly,0
linksys way exchange bad phone refurb unit something,0
utter sound quality terrible,0
industry newsrevenue earnings take tumble weir group,0
ca beat price,1
service fair best,0
really want make experience good one,1
jerks phone,0
gsk joins china trade push uk trumpets healthcare deals,1
literally sat minutes one asking take order,0
sports direct boss mike ashley summoned westminster questioning treatment workers,0
food outstanding prices reasonable,1
place lot promise fails deliver,0
merkel government said support deutsche merger,1
case less extra originally put later discarded scratched ear,0
bhp billiton share price brazil sue samarco,0
deal included tastings drinks jeff went beyond expected,1
unbelievable bargain,1
take business dinner dollars elsewhere,0
chow mein good,1
fit,0
excellent phone,1
total brunch fail,0
astrazeneca talks buy cancer drug developer acerta pharma,1
jiggle plug get line right get decent volume,0
britain ftse buoyed admiral building sector gains,1
familiar check,1
uk chip designer arm hits high iphone boost,1
love great armband,1
update barclays win dismissal us trading case,1
considering two us left full happy ca go wrong,1
ca beat,1
shire ceo steps drive get baxalta board talking,1
news feedschroders books solid earnings growth several board changes,1
based service received effort show gratitude business wo going back,0
first phone cheaply made,0
place,1
mic joke volume quite low,0
fantastic service pleased atmosphere,1
sure long stood long enough begin feel awkwardly place,0
usually like headbands one lightweight mess hair,1
severn trent profit customer complaints fall,1
ordered burger rare came done,0
smith nephew recalls components,0
food great serivce,1
buy want use holster,0
sainsbury sells unit lloydspharmacy,1
one favorite purchases ever,1
questor share tip mondi shares jump strong start,1
waited waited waited,0
seafood limited boiled shrimp crab legs crab legs definitely taste fresh,0
meat pretty dry sliced brisket pulled pork,0
barclays considers acquisition help split retail arm,1
always used corded headsets freedom wireless helpful,1
good product well made,1
phone loads super,1
burger good beef cooked right,1
aviva expects jobs cuts friends life deal,1
glencore shares hit high refinancing key credit line,1
food gooodd,1
great pizza salads,1
sound quality great,1
one work either,0
tasty texture nasty,0
best place go tasty bowl pho,1
rbi surprises street sensex pares gains hitting mount,1
shell buy bg group billion takeover,1
complaint standard sound volume little low even turned,0
never hard rock casino never ever step forward,0
although much liked look sound place actual experience bit disappointing,0
chipotle sales plunge troubled chain gets federal subpoena,0
could serve vinaigrette may make better overall dish still good,1
lloyds banking group share price lifts amid reports bank poised axe hundreds uk jobs,1
best found far tried bluetooths one best quality listener well ease using,1
spain caixabank expects close deal banco bpi,1
reaching new depths glencore loss,0
think plan one sure last moto phone,0
companiesactelion shares hit record shire takeover talk,1
thus far visited twice food absolutely delicious time,1
best fish ever life,1
bad reception,0
fries great,1
worthwhile,1
management rude,0
nice headset priced right,1
fda approves nps drug move validating shire takeover deal,1
great choice,1
paying hot dog fries looks like came kid meal wienerschnitzel idea good meal,0
johnson matthey revs clean air drive,1
downside service,0
update steps drive get baxalta talking bln bid,1
warranty problems line put money somewhere else cingular support,0
work,0
tesco set sell kipa giraffe businesses sky news,1
save money item months,0
immediately said wanted talk manager want talk guy shots fireball behind bar,0
looks great strong,1
stocks resume gains rally record crh tullow climb,1
perfect someone likes beer ice cold case even colder,1
voice recognition thru handset excellent,1
cant get software work computer,0
astrazeneca shares climb drug maker ups profits forecasts,1
order correct,0
ca wait go back,1
bp joins forces det norske norway,1
infuriating,0
ca store anything phone numbers sim,0
britain ftse led lower itv william hill,0
fits like glove strong secure durable,1
kept looking time soon become minutes yet still food,0
aberdeen shares slide net outflows accelerate,0
right red velvet cake stuff good,1
bad cause know family owned really wanted like place,0
ordered motorola data cable got well finished working product,1
great food price high quality house made,1
want sandwich go firehouse,1
astrazeneca sells caprelsa rights sanofi unit,1
astrazeneca chases acerta secure next cancer drug winner,1
dropped phone times say even concrete phone still great knock wood,1
works great car charger especially plug two adapters time,1
place overpriced consistent boba really overpriced,0
delicious,1
frozen margaritas way sugary taste,0
feel dining room college cooking course high class dining service slow best,0
love place hits spot want something healthy lacking quantity flavor,1
buffett company reports percent drop earnings,0
conclusion filling meals,1
kept well,1
food average,0
shares bae systems hit high rating upgrade,1
shire share price group releases results,1
drive get,0
boy sucker dry,0
even bmw series fairly quiet trouble hearing person saying,0
copper prices glencore cuts zinc supply,1
hard judge whether sides good grossed melted styrofoam want eat fear getting sick,0
berkshire bought apple stake share filing shows,1
really easy,1
shell billion bg deal meets shareholder skepticism,0
truly awful,0
disgrace,0
hard make decent hamburger,0
stanchart rbs struggle bank england stress tests,0
hsbc posts surprise pretax loss million,0
hate anything goes ear,0
seriously solid breakfast,1
cool phone,1
companiesglencore annual results beat forecasts,1
vomited bathroom mid lunch,0
persimmon share price climbs rise revenue,1
sushi lover avoid place means,0
ribeye steak cooked perfectly great mesquite flavor,1
place like chipotle better,1
classic maine lobster roll fantastic,1
waited thirty minutes seated although vacant tables folks waiting,0
bt headset disapoinment,0
ones make scene restaurants get definitely lost love one,0
croutons also taste homemade extra plus,1
would recommend place,0
would recommend buying product,0
good price,1
plug wrong size,0
sainsbury says outperform rivals tough market,1
ri style calamari joke,0
royal dutch shell posts rise earnings despite lower oil prices,1
managed bend leaf spring back place metal enough stress break next drop,0
stay away q,0
hsbc standard chartered lead asia bank rout votes,0
lately extremely nice helpful phone,1
coming back,0
wo regret,1
best electronics available fm transmitters,1
love fries beans,1
place pretty good nice little vibe restaurant,1
embarassing also ears hurt try push ear plug ear,0
bae systems sales boosted european typhoon currencies,1
asahi could snap sabmiller beers ahead ab inbev sale,1
like return,0
pay hikes year rio tinto mining slump bites,0
update aggreko interim profit drops undertakes restructuring,0
cases would order another,1
dishes salmon best great,1
european stocks hover near low dialog bhp slump,0
also problems phone reading memory card always turn,0
cftc fines barclays inaccurate swaps position reports,0
place honestly blown,0
say plantronics maintains flawless connection cell static normal use,1
uk government cuts stake lloyds pct,0
perfect family meal get together friends,1
fewer hurt sainsbury market share,0
companiesphilips transfers pension obligations,1
could barely stomach meal complain business lunch,0
johnson matthey sells research chemicals unit thermo scientific,1
food sucked expected sucked could imagined,0
wo going back anytime soon,0
finally three four times spring latch broke could use longer visor,0
battery excellent bargain,1
sitting vehicle cradle belt headset lost signal,0
potatoes great biscuit,1
former barclays traders stand trial libor case,0
barclays bank chief step,0
total letdown would much rather go camelback flower shop cartel coffee,0
product clearly ready prime time care cool looks ca tell call coming worthless,0
travis perkins create jobs,1
also ordered spinach avocado salad ingredients sad dressing literally zero taste,0
brother law works mall ate day guess sick night,0
painful ear,0
really like product motorola allot clearer ear piece mic,1
first charge kept going dead minutes,0
muddy low quality sound casing around wire insert poorly super glued slid,0
good product good seller,1
disappointed,0
update flotilla protests shell arctic drilling plans,0
really nice atmosphere,1
much like go back ca get passed atrocious service never return,0
slow seating even reservation,0
astrazeneca share price company carve antibiotic r unit separate,1
must study anyone interested worst sins industrial design,0
insulted,0
nice design quality,1
wo disappointed,1
bg group still happy shell billion offer,1
itv shares dip update,0
kept catching cable seat pull phone turn,0
great hands free device,1
seems like good quick place grab bite familiar pub food favor look elsewhere,0
virgin wireless rocks cheap little phone,1
citigroup sell onemain springleaf billion,1
great deal,1
excited get headset thought really cute,1
worked well,1
glencore sells shares raise billion reduce debt,1
centrica share price british gas fire despite price cut,0
flavorful perfect amount heat,1
none works buy,0
volume switch rocketed unit destination unknown,0
defective crap,0
needless say wo going back anytime soon,0
omg food delicioso,1
looking new earpiece,0
think,0
sprint charges service,0
glencore fight back debt fears lifts shares,1
defeats purpose bluetooth headset,0
buffett berkshire builds deere stake dumps exxon,0
london morning briefing hsbc standard chartered shares rise,1
great jawbone,1
bhp iron ore outlook holds little cheer small miners,0
wolseley helps lift ftse losses,1
network coverage los angeles horrible,0
staff also friendly efficient,1
one table thought food average worth wait,0
accountant know getting screwed,0
camera although rated impressive megapixels renders images fall well expectations relatively high resolution,0
work weeks break,0
expect good,1
drinks weak people,0
piece junk broke phone days,0
unilever continues battle soft demand,0
novartis buys remaining rights gsk treatment deal billion,1
arm royalties accelerate smartphone market regains strength,1
everything perfect night,1
clipping belt deffinitely make feel like cent,1
news feedftse movers ashtead jumps strong interims glencore bp,1
recently tried caballero back every week since,1
commercials misleading,0
barclays bank america citigroup blockchain sight,1
tapas dishes delicious,1
buy buyit sucks,0
great touch,1
could ask satisfying meal,1
one places phoenix would definately go back,1
join club get awesome offers via email,1
berkshire hathaway profit declines percent,0
disappointed,0
companiesmorrison evicted ftse worldpay joins,0
majority logitech earbud headsets failed,0
year battery went completely dead headset,0
steak amazing rge fillet relleno best seafood plate ever,1
want wait mediocre food downright terrible service place,0
busy know,0
bad fit way big,0
great restaurant mandalay bay,1
barclays plc lloyds banking group plc banks buy today,1
waste money,0
fried rice dry well,0
tonight elk filet special sucked,0
worth,0
took one drop inches kitchen counter impressed laughing,0
continue come ladies night andddd date night highly recommend place anyone area,1
pale color instead nice char flavor,0
restaurant always full never wait,1
industry newswolseley confident reslilience amid mixed markets,1
made case small difficult install,0
three different occasions asked well done medium well three times got bloodiest piece meat plate,0
gyro basically lettuce,0
poor construction,0
makes easier keep bluetooth wearing,0
incredible,1
food arrived quickly,1
abn amro bank brought rbs poised return market,1
glencore agrees sell minority stake agriculture business,1
simple little phone use breakage unacceptible,0
car accept cassette,0
thought venture away get good sushi place really hit spot night,1
excellent product satisfied purchase,1
wanted,1
tesco sells half stake ecommerce site lazada alibaba,1
great bluetooth,1
hardly meat,0
food delicious bartender attentive personable got great deal,1
probably would go,0
unusable moving car freeway speed,0
high hopes place since burgers cooked charcoal grill unfortunately taste fell flat way flat,0
passengers rise easyjet aer lingus,1
bother contacting company dollar product learned lesson bought form online anyway,0
waste money,0
barclays credit suisse strike record deals sec ny dark pools,0
morrisons debenhams surprise city christmas bounce back,1
used two days always easy hear,0
point friends basically figured place joke mind making publicly loudly known,0
easyjet attracts passengers june still lags ryanair,1
admiral schroders lift ftse profits surge,1
battery life,0
magical help,1
currency causes headaches sabmiller,0
tesco says uk store closures put jobs risk,0
tesco uk personnel director quits supermarket,0
continue pairing periodically since somehow kept dropping,0
tracfonewebsite user friendly makes easy toactivate etc,1
much seafood like strings pasta bottom,0
jabra eargels fit ears well,1
disappointment,0
around years carries highest quality screen protector found date,1
place clean food oh stale,0
got phone around end may completely unhappy,0
everyone treated equally special,1
loud enough turn like,0
hot dishes hot cold dishes close room watched staff prepare food bare hands deep fried oil,0
falling oil prices hurt hunting weir group,0
great service food,1
loved grilled pizza reminded legit italian pizza,1
pulled car waited another minutes acknowledged,0
setup could simpler,1
dealmakers wrong ignore brexit risk,0
come back every time vegas,1
use product motor control center lot high voltage humming equipment works great,1
design,1
bp shares tumble loss,0
ice said start lining financing lse bidding war,1
genel shares plunge tony hayward oil explorer cuts crude reserves core field,0
teva fda approves generic version astrazeneca heartburn drug,1
salad wings ice cream dessert left feeling quite satisfied,1
shell go ahead petrochemical plant pennsylvania,1
handsfree part works fine car tries download address book treo still rate device high,1
scallop dish quite appalling value well,0
everything fresh delicious,1
yellowtail carpaccio melt mouth fresh,1
quite comfortable ear,1
beach holiday demand helps lift clouds easyjet,1
disgusted pretty sure human hair,0
came running us realized husband left sunglasses table,1
bhp billiton posts big loss slashes dividend,0
best phone market,1
everything worked first device certainly engineered clever way construction feels good,1
phone year tell great,0
never ever go back,0
lloyds wins right buy bonds back early save billion pounds,1
hold phone particular angle party hear clearly,0
know pulled pork could soooo delicious,1
went lunch service slow,0
side cafe serves really good food,1
big disappointment calendar sync,0
phone falls easily,0
standard chartered faces fresh claims iran sanctions violations,0
device great several,1
barclays bonds rise lender cuts dividends shore capital,1
never go back place never ever recommended place anyone,0
went motorola website followed directions could get pair,0
wonderful lil tapas ambience made feel warm fuzzy inside,1
associated british foods profit hit strong sterling tough sugar business,0
atmosphere fun,1
probably wo back honest,0
update rbs must pay mln mortgage bond judge,0
nice solid keyboard,1
update dutch shell pulls plug arctic exploration,0
worst service boot least worries,0
bunzl delivers small profit increase,1
waited waited,0
great place fo take eat,1
randgold resources third quarter profit slips despite record production,0
dealmakers wrong ignore brexit risk,0
diageo sells ryder cup venue gleneagles hotel ennismore group,1
buyer careful,0
everything good tasty,1
bottowm line another worthless cheap gimmick sprint,0
glencore shares rally miner hits back,1
however much garlic fondue barely edible,0
awesome device,1
bad pay month service,0
highly recommended,1
bother coming,0
rbs share price group plans slash jobs,0
hour seriously,0
great brunch spot,1
headset fulfills requirements happy purchase,1
hammerson jv partner secure ownership ireland dundrum quick facts,1
meggitt plc crashes profit warning buy,0
features want,1
love able use one headset cell,1
several times past experience always great,1
took hour get food tables restaurant food luke warm sever running around like totally overwhelmed,0
warren buffett berkshire hathaway quarterly profit jumps almost one third,1
day week different deal delicious,1
mac salad pretty bland getting,0
found product waaay big,0
dressed treated rudely,0
crh concrete bid holcim lafarge assets,1
battery junk,0
love features form factor,1
companiestullow says gas exports key field disrupted,0
people couldnt hear talk pull earphone talk phone,0
,1
small family restaurant fine dining establishment,1
works,1
greenpeace protest bp forces british museum close,0
loudspeaker option great bumpers lights appealing,0
wonderful experience made place whenever town,1
get incredibly fresh fish prepared care,1
great food great service clean friendly setting,1
fda approves nps drug move validating shire takeover deal,1
